name,symbol,price,sector,industry
Dynamic General Communication Services Corp,CONS001,395.32,Communication Services,General Communication Services
Global General Real Estate LLC,HLTH002,94.82,Real Estate,General Real Estate
Dynamic General Utilities Corp,UTIL003,407.75,Utilities,General Utilities
Dynamic General Energy LLC,CONS004,71.10,Energy,General Energy
Innovative General Consumer Discretionary Technologies,MAT005,423.98,Consumer Discretionary,General Consumer Discretionary
Premier General Industrials Inc,MAT006,475.43,Industrials,General Industrials
Advanced Health Insurance Group,FIN007,476.93,Healthcare,Health Insurance
Dynamic Investment Services Corp,COM008,309.45,Financial Services,Investment Services
Strategic General Energy Technologies,CONS009,361.55,Energy,General Energy
Global Consumer Electronics Inc,ENRG010,150.60,Technology,Consumer Electronics
Premier General Real Estate Corp,HLTH011,87.33,Real Estate,General Real Estate
Dynamic General Communication Services Corp,ENRG012,488.08,Communication Services,General Communication Services
Premier General Consumer Discretionary Corp,HLTH013,152.59,Consumer Discretionary,General Consumer Discretionary
Dynamic General Communication Services Corp,CONS014,243.95,Communication Services,General Communication Services
Strategic General Industrials LLC,COM015,43.02,Industrials,General Industrials
Strategic Healthcare Facilities Technologies,CONS016,373.90,Healthcare,Healthcare Facilities
Dynamic General Consumer Discretionary Inc,TECH017,84.15,Consumer Discretionary,General Consumer Discretionary
Premier Biotechnology Group,TECH018,39.68,Healthcare,Biotechnology
Advanced Consumer Electronics Technologies,MAT019,239.07,Technology,Consumer Electronics
Global General Materials Technologies,HLTH020,441.39,Materials,General Materials
Dynamic Pharmaceuticals Corp,CONS021,70.83,Healthcare,Pharmaceuticals
Dynamic General Industrials Technologies,IND022,97.03,Industrials,General Industrials
Global General Real Estate Corp,TECH023,34.97,Real Estate,General Real Estate
Dynamic General Utilities Corp,ENRG024,372.55,Utilities,General Utilities
Strategic General Utilities Corp,COM025,294.26,Utilities,General Utilities
Strategic IT Services Systems,TECH026,47.75,Technology,IT Services
Premier IT Services Technologies,COM027,319.56,Technology,IT Services
Global Cybersecurity LLC,UTIL028,183.91,Technology,Cybersecurity
Innovative General Industrials Group,IND029,97.80,Industrials,General Industrials
Dynamic General Communication Services Corp,COM030,31.51,Communication Services,General Communication Services
Innovative General Communication Services Solutions,IND031,384.97,Communication Services,General Communication Services
Dynamic General Energy Group,UTIL032,251.60,Energy,General Energy
Strategic Gaming Corp,IND033,98.41,Technology,Gaming
Strategic General Energy Corp,FIN034,318.26,Energy,General Energy
Innovative General Consumer Staples Inc,HLTH035,215.90,Consumer Staples,General Consumer Staples
Advanced Real Estate Investment Group,CONS036,70.10,Financial Services,Real Estate Investment
Global Insurance Group,IND037,202.59,Financial Services,Insurance
Strategic Asset Management Corp,MAT038,292.68,Financial Services,Asset Management
Advanced Pharmaceuticals Technologies,COM039,306.00,Healthcare,Pharmaceuticals
Dynamic General Real Estate Systems,MAT040,420.55,Real Estate,General Real Estate
Dynamic General Consumer Staples Corp,ENRG041,220.83,Consumer Staples,General Consumer Staples
Advanced Payment Processing LLC,CONS042,421.71,Financial Services,Payment Processing
Advanced General Utilities Solutions,ENRG043,475.03,Utilities,General Utilities
Strategic General Real Estate LLC,CONS044,386.47,Real Estate,General Real Estate
Dynamic General Materials Solutions,HLTH045,40.87,Materials,General Materials
Global General Industrials Technologies,UTIL046,111.46,Industrials,General Industrials
Advanced Semiconductors Solutions,ENRG047,197.95,Technology,Semiconductors
Global General Utilities LLC,IND048,307.04,Utilities,General Utilities
Advanced General Consumer Staples Technologies,IND049,204.32,Consumer Staples,General Consumer Staples
Advanced Healthcare Facilities LLC,COM050,458.44,Healthcare,Healthcare Facilities
Innovative General Consumer Discretionary Technologies,HLTH051,492.38,Consumer Discretionary,General Consumer Discretionary
Global Health Insurance Solutions,CONS052,483.69,Healthcare,Health Insurance
Innovative General Consumer Discretionary Group,HLTH053,89.06,Consumer Discretionary,General Consumer Discretionary
Strategic Semiconductors Group,COM054,249.94,Technology,Semiconductors
Global General Real Estate Solutions,ENRG055,318.70,Real Estate,General Real Estate
Dynamic Investment Services Group,MAT056,48.95,Financial Services,Investment Services
Dynamic Medical Devices Group,TECH057,126.19,Healthcare,Medical Devices
Strategic General Industrials Solutions,IND058,128.57,Industrials,General Industrials
Advanced General Energy Inc,ENRG059,170.36,Energy,General Energy
Advanced General Industrials Solutions,HLTH060,316.04,Industrials,General Industrials
Innovative General Consumer Staples LLC,TECH061,357.86,Consumer Staples,General Consumer Staples
Innovative General Consumer Staples Inc,CONS062,181.62,Consumer Staples,General Consumer Staples
Strategic General Industrials Group,MAT063,449.63,Industrials,General Industrials
Strategic General Energy Group,MAT064,375.30,Energy,General Energy
Premier General Energy LLC,CONS065,138.54,Energy,General Energy
Strategic General Real Estate Inc,ENRG066,345.57,Real Estate,General Real Estate
Dynamic General Materials Technologies,CONS067,258.06,Materials,General Materials
Global General Communication Services Solutions,UTIL068,71.76,Communication Services,General Communication Services
Advanced Pharmaceuticals Technologies,IND069,296.44,Healthcare,Pharmaceuticals
Strategic General Real Estate Solutions,ENRG070,15.93,Real Estate,General Real Estate
Dynamic General Consumer Staples Group,HLTH071,219.66,Consumer Staples,General Consumer Staples
Dynamic General Consumer Staples Technologies,FIN072,47.96,Consumer Staples,General Consumer Staples
Dynamic General Energy Technologies,IND073,357.78,Energy,General Energy
Innovative General Industrials Solutions,IND074,232.00,Industrials,General Industrials
Dynamic General Real Estate Inc,TECH075,334.26,Real Estate,General Real Estate
Premier General Materials Systems,UTIL076,15.76,Materials,General Materials
Strategic Cybersecurity Solutions,ENRG077,221.79,Technology,Cybersecurity
Premier General Real Estate Technologies,COM078,487.83,Real Estate,General Real Estate
Global General Industrials Corp,COM079,305.12,Industrials,General Industrials
Advanced General Energy Corp,ENRG080,307.87,Energy,General Energy
Dynamic Internet Services LLC,HLTH081,224.13,Technology,Internet Services
Premier General Real Estate Group,ENRG082,66.91,Real Estate,General Real Estate
Strategic General Energy Systems,ENRG083,346.95,Energy,General Energy
Innovative General Materials Corp,FIN084,101.75,Materials,General Materials
Global General Utilities Technologies,CONS085,72.61,Utilities,General Utilities
Global General Energy Technologies,CONS086,99.52,Energy,General Energy
Global General Real Estate Inc,ENRG087,329.37,Real Estate,General Real Estate
Advanced General Energy LLC,IND088,77.04,Energy,General Energy
Innovative General Communication Services Solutions,TECH089,11.95,Communication Services,General Communication Services
Premier Medical Devices Corp,IND090,247.24,Healthcare,Medical Devices
Advanced General Consumer Staples Corp,TECH091,95.56,Consumer Staples,General Consumer Staples
Innovative Networking Inc,ENRG092,371.71,Technology,Networking
Strategic General Consumer Discretionary Group,CONS093,230.15,Consumer Discretionary,General Consumer Discretionary
Dynamic General Consumer Staples Inc,FIN094,278.61,Consumer Staples,General Consumer Staples
Global General Energy Technologies,ENRG095,147.43,Energy,General Energy
Global General Consumer Discretionary Solutions,CONS096,63.40,Consumer Discretionary,General Consumer Discretionary
Premier Internet Services Technologies,COM097,51.21,Technology,Internet Services
Premier General Energy LLC,ENRG098,163.97,Energy,General Energy
Global General Utilities Technologies,UTIL099,71.72,Utilities,General Utilities
Premier General Communication Services LLC,CONS100,185.72,Communication Services,General Communication Services
Advanced General Communication Services Solutions,TECH101,70.68,Communication Services,General Communication Services
Global General Real Estate Technologies,IND102,284.25,Real Estate,General Real Estate
Global General Real Estate Technologies,ENRG103,91.74,Real Estate,General Real Estate
Dynamic General Utilities Technologies,FIN104,480.67,Utilities,General Utilities
Dynamic General Communication Services Inc,MAT105,121.42,Communication Services,General Communication Services
Dynamic Diagnostics LLC,IND106,424.98,Healthcare,Diagnostics
Advanced General Industrials LLC,UTIL107,160.77,Industrials,General Industrials
Global Asset Management Technologies,HLTH108,60.79,Financial Services,Asset Management
Premier General Materials Solutions,HLTH109,304.86,Materials,General Materials
Strategic General Communication Services Inc,MAT110,79.30,Communication Services,General Communication Services
Premier General Consumer Staples Group,HLTH111,450.17,Consumer Staples,General Consumer Staples
Strategic General Consumer Staples Solutions,ENRG112,480.85,Consumer Staples,General Consumer Staples
Global General Consumer Discretionary LLC,UTIL113,65.93,Consumer Discretionary,General Consumer Discretionary
Advanced General Industrials Technologies,FIN114,190.82,Industrials,General Industrials
Innovative General Consumer Discretionary Systems,HLTH115,353.72,Consumer Discretionary,General Consumer Discretionary
Innovative Investment Services Solutions,CONS116,215.28,Financial Services,Investment Services
Advanced General Utilities LLC,COM117,453.01,Utilities,General Utilities
Dynamic Real Estate Investment Group,COM118,254.95,Financial Services,Real Estate Investment
Premier General Energy Inc,FIN119,139.55,Energy,General Energy
Innovative General Consumer Staples Corp,COM120,112.49,Consumer Staples,General Consumer Staples
Global General Industrials LLC,IND121,233.37,Industrials,General Industrials
Strategic General Energy Group,COM122,154.51,Energy,General Energy
Innovative General Communication Services Systems,HLTH123,294.61,Communication Services,General Communication Services
Premier General Real Estate Inc,COM124,301.52,Real Estate,General Real Estate
Innovative General Utilities Corp,IND125,65.80,Utilities,General Utilities
Strategic Asset Management Technologies,UTIL126,151.43,Financial Services,Asset Management
Global General Energy Group,FIN127,139.04,Energy,General Energy
Innovative General Real Estate Corp,CONS128,34.66,Real Estate,General Real Estate
Premier General Materials Systems,TECH129,369.63,Materials,General Materials
Global General Consumer Staples Inc,MAT130,281.92,Consumer Staples,General Consumer Staples
Advanced General Energy Technologies,FIN131,183.70,Energy,General Energy
Premier General Utilities Corp,ENRG132,116.07,Utilities,General Utilities
Advanced Investment Services Inc,FIN133,196.85,Financial Services,Investment Services
Premier General Utilities Systems,COM134,449.46,Utilities,General Utilities
Innovative General Real Estate LLC,TECH135,392.28,Real Estate,General Real Estate
Dynamic Diagnostics Technologies,FIN136,374.06,Healthcare,Diagnostics
Dynamic Semiconductors Systems,ENRG137,404.55,Technology,Semiconductors
Innovative General Industrials Technologies,FIN138,82.39,Industrials,General Industrials
Advanced General Real Estate LLC,MAT139,43.88,Real Estate,General Real Estate
Advanced General Consumer Staples Inc,FIN140,313.54,Consumer Staples,General Consumer Staples
Premier General Real Estate LLC,CONS141,93.42,Real Estate,General Real Estate
Advanced General Consumer Staples Inc,FIN142,377.69,Consumer Staples,General Consumer Staples
Innovative General Consumer Discretionary Inc,COM143,331.31,Consumer Discretionary,General Consumer Discretionary
Premier General Utilities Corp,HLTH144,216.33,Utilities,General Utilities
Advanced General Utilities LLC,TECH145,58.74,Utilities,General Utilities
Dynamic General Utilities Technologies,TECH146,441.06,Utilities,General Utilities
Strategic General Consumer Staples Solutions,ENRG147,189.61,Consumer Staples,General Consumer Staples
Premier General Utilities Solutions,UTIL148,458.39,Utilities,General Utilities
Advanced Banks Solutions,IND149,95.60,Financial Services,Banks
Dynamic Payment Processing Systems,TECH150,194.62,Financial Services,Payment Processing
Strategic General Consumer Staples Group,UTIL151,196.29,Consumer Staples,General Consumer Staples
Innovative General Communication Services Systems,MAT152,451.70,Communication Services,General Communication Services
Premier Software Inc,TECH153,362.81,Technology,Software
Advanced General Consumer Discretionary LLC,MAT154,123.83,Consumer Discretionary,General Consumer Discretionary
Advanced Biotechnology Corp,CONS155,219.72,Healthcare,Biotechnology
Premier General Materials Corp,HLTH156,291.81,Materials,General Materials
Dynamic Diagnostics Corp,IND157,426.83,Healthcare,Diagnostics
Global IT Services Group,TECH158,380.42,Technology,IT Services
Advanced General Energy Solutions,TECH159,266.43,Energy,General Energy
Innovative General Energy Solutions,TECH160,298.53,Energy,General Energy
Premier General Materials Corp,COM161,279.98,Materials,General Materials
Global General Energy Solutions,HLTH162,25.50,Energy,General Energy
Global General Utilities Group,TECH163,133.84,Utilities,General Utilities
Strategic General Consumer Discretionary Corp,IND164,430.22,Consumer Discretionary,General Consumer Discretionary
Premier General Communication Services Inc,MAT165,469.98,Communication Services,General Communication Services
Strategic General Real Estate LLC,UTIL166,315.93,Real Estate,General Real Estate
Strategic General Utilities Corp,IND167,299.79,Utilities,General Utilities
Strategic Cybersecurity Corp,IND168,211.03,Technology,Cybersecurity
Strategic General Energy LLC,ENRG169,220.33,Energy,General Energy
Global General Consumer Staples Group,IND170,411.66,Consumer Staples,General Consumer Staples
Strategic General Utilities Technologies,TECH171,255.29,Utilities,General Utilities
Premier Insurance Corp,CONS172,397.08,Financial Services,Insurance
Innovative General Communication Services Corp,ENRG173,417.61,Communication Services,General Communication Services
Global Pharmaceuticals Corp,MAT174,93.13,Healthcare,Pharmaceuticals
Innovative General Utilities Technologies,ENRG175,73.00,Utilities,General Utilities
Innovative General Industrials Technologies,FIN176,96.32,Industrials,General Industrials
Strategic General Industrials LLC,UTIL177,264.90,Industrials,General Industrials
Premier Banks Solutions,CONS178,477.58,Financial Services,Banks
Premier General Real Estate Corp,FIN179,427.33,Real Estate,General Real Estate
Dynamic General Energy Corp,CONS180,385.56,Energy,General Energy
Strategic General Consumer Staples Systems,TECH181,315.40,Consumer Staples,General Consumer Staples
Global General Utilities Technologies,ENRG182,419.15,Utilities,General Utilities
Innovative General Consumer Staples Solutions,COM183,21.64,Consumer Staples,General Consumer Staples
Strategic General Utilities LLC,IND184,420.40,Utilities,General Utilities
Strategic Medical Devices Solutions,ENRG185,194.38,Healthcare,Medical Devices
Global IT Services Inc,COM186,385.71,Technology,IT Services
Advanced General Consumer Discretionary Corp,ENRG187,450.16,Consumer Discretionary,General Consumer Discretionary
Dynamic General Energy Corp,COM188,382.89,Energy,General Energy
Strategic General Utilities Solutions,TECH189,209.15,Utilities,General Utilities
Strategic General Industrials LLC,TECH190,194.34,Industrials,General Industrials
Global General Communication Services Solutions,IND191,68.49,Communication Services,General Communication Services
Innovative General Materials LLC,UTIL192,387.45,Materials,General Materials
Strategic General Communication Services LLC,FIN193,74.43,Communication Services,General Communication Services
Dynamic General Energy Inc,CONS194,476.17,Energy,General Energy
Premier Software Corp,TECH195,276.36,Technology,Software
Advanced General Industrials LLC,FIN196,328.42,Industrials,General Industrials
Strategic Payment Processing Group,IND197,101.06,Financial Services,Payment Processing
Premier General Consumer Discretionary LLC,TECH198,463.74,Consumer Discretionary,General Consumer Discretionary
Global Consumer Electronics Inc,HLTH199,382.21,Technology,Consumer Electronics
Advanced General Communication Services Corp,COM200,236.82,Communication Services,General Communication Services
Premier General Consumer Discretionary Technologies,FIN201,284.54,Consumer Discretionary,General Consumer Discretionary
Global General Real Estate Solutions,UTIL202,316.12,Real Estate,General Real Estate
Global General Consumer Staples Systems,HLTH203,112.51,Consumer Staples,General Consumer Staples
Global General Industrials Group,FIN204,158.71,Industrials,General Industrials
Global Biotechnology Inc,HLTH205,456.51,Healthcare,Biotechnology
Premier Cybersecurity LLC,HLTH206,55.48,Technology,Cybersecurity
Premier IT Services Corp,ENRG207,94.67,Technology,IT Services
Innovative Healthcare Facilities Group,COM208,69.81,Healthcare,Healthcare Facilities
Innovative Software Systems,COM209,293.07,Technology,Software
Innovative General Industrials Group,ENRG210,167.73,Industrials,General Industrials
Strategic General Energy Inc,UTIL211,140.87,Energy,General Energy
Strategic Diagnostics Group,IND212,351.79,Healthcare,Diagnostics
Global General Industrials Technologies,MAT213,349.64,Industrials,General Industrials
Strategic General Materials Group,FIN214,472.42,Materials,General Materials
Innovative General Communication Services Systems,COM215,426.03,Communication Services,General Communication Services
Innovative General Consumer Discretionary Corp,MAT216,256.54,Consumer Discretionary,General Consumer Discretionary
Premier General Consumer Staples Corp,IND217,77.36,Consumer Staples,General Consumer Staples
Global General Industrials LLC,UTIL218,186.60,Industrials,General Industrials
Dynamic General Energy Solutions,IND219,384.63,Energy,General Energy
Dynamic General Consumer Staples Systems,IND220,410.93,Consumer Staples,General Consumer Staples
Premier General Real Estate Systems,IND221,222.59,Real Estate,General Real Estate
Premier General Consumer Staples LLC,HLTH222,46.65,Consumer Staples,General Consumer Staples
Global Biotechnology Systems,HLTH223,41.47,Healthcare,Biotechnology
Innovative General Utilities Solutions,FIN224,367.38,Utilities,General Utilities
Premier Insurance Corp,TECH225,262.44,Financial Services,Insurance
Innovative Health Insurance Corp,ENRG226,448.01,Healthcare,Health Insurance
Dynamic Investment Services Corp,MAT227,475.70,Financial Services,Investment Services
Global General Industrials LLC,ENRG228,147.86,Industrials,General Industrials
Premier Medical Devices Technologies,MAT229,166.13,Healthcare,Medical Devices
Innovative Real Estate Investment Corp,FIN230,30.63,Financial Services,Real Estate Investment
Premier Semiconductors Group,UTIL231,169.29,Technology,Semiconductors
Advanced General Energy Systems,UTIL232,320.69,Energy,General Energy
Global General Materials Corp,MAT233,94.83,Materials,General Materials
Innovative General Utilities Corp,HLTH234,55.78,Utilities,General Utilities
Innovative General Materials Group,UTIL235,76.47,Materials,General Materials
Premier General Materials Corp,COM236,344.14,Materials,General Materials
Innovative Networking Group,ENRG237,443.81,Technology,Networking
Innovative General Consumer Staples Group,MAT238,93.85,Consumer Staples,General Consumer Staples
Innovative General Real Estate Solutions,TECH239,181.65,Real Estate,General Real Estate
Advanced General Real Estate Technologies,COM240,370.56,Real Estate,General Real Estate
Dynamic Biotechnology Inc,COM241,203.54,Healthcare,Biotechnology
Global Health Insurance Inc,FIN242,330.91,Healthcare,Health Insurance
Global General Energy Inc,ENRG243,198.28,Energy,General Energy
Global Investment Services Inc,TECH244,495.76,Financial Services,Investment Services
Dynamic General Energy Technologies,COM245,436.00,Energy,General Energy
Dynamic General Real Estate Solutions,UTIL246,175.88,Real Estate,General Real Estate
Strategic General Materials Inc,CONS247,403.98,Materials,General Materials
Advanced General Materials Systems,UTIL248,388.71,Materials,General Materials
Global General Materials Systems,HLTH249,442.83,Materials,General Materials
Advanced General Consumer Staples Corp,CONS250,119.34,Consumer Staples,General Consumer Staples
Strategic General Materials Systems,FIN251,111.60,Materials,General Materials
Dynamic General Materials Systems,TECH252,371.00,Materials,General Materials
Strategic General Consumer Staples Solutions,FIN253,325.69,Consumer Staples,General Consumer Staples
Dynamic General Real Estate Technologies,COM254,275.26,Real Estate,General Real Estate
Global General Utilities LLC,UTIL255,372.06,Utilities,General Utilities
Premier General Industrials Corp,FIN256,234.95,Industrials,General Industrials
Advanced General Industrials Technologies,CONS257,69.42,Industrials,General Industrials
Advanced General Utilities LLC,HLTH258,63.34,Utilities,General Utilities
Dynamic Internet Services LLC,TECH259,303.88,Technology,Internet Services
Global Payment Processing Systems,COM260,251.35,Financial Services,Payment Processing
Innovative Investment Services Group,UTIL261,229.58,Financial Services,Investment Services
Global General Consumer Staples Systems,MAT262,43.44,Consumer Staples,General Consumer Staples
Innovative Insurance Corp,CONS263,103.43,Financial Services,Insurance
Innovative General Utilities LLC,HLTH264,392.54,Utilities,General Utilities
Strategic General Real Estate Solutions,COM265,303.65,Real Estate,General Real Estate
Strategic Cybersecurity Group,ENRG266,18.43,Technology,Cybersecurity
Dynamic General Consumer Discretionary Systems,UTIL267,137.35,Consumer Discretionary,General Consumer Discretionary
Dynamic Pharmaceuticals Solutions,MAT268,328.97,Healthcare,Pharmaceuticals
Innovative Gaming Corp,HLTH269,102.70,Technology,Gaming
Advanced Payment Processing LLC,ENRG270,270.93,Financial Services,Payment Processing
Premier General Consumer Discretionary Inc,CONS271,113.94,Consumer Discretionary,General Consumer Discretionary
Innovative General Utilities Systems,COM272,345.70,Utilities,General Utilities
Premier General Industrials Group,COM273,301.16,Industrials,General Industrials
Dynamic Biotechnology Inc,CONS274,139.79,Healthcare,Biotechnology
Innovative IT Services Solutions,TECH275,257.07,Technology,IT Services
Premier Semiconductors LLC,FIN276,229.44,Technology,Semiconductors
Premier General Utilities Group,MAT277,405.21,Utilities,General Utilities
Strategic General Industrials Technologies,UTIL278,127.34,Industrials,General Industrials
Innovative General Energy Technologies,UTIL279,469.21,Energy,General Energy
Innovative General Consumer Discretionary LLC,FIN280,435.03,Consumer Discretionary,General Consumer Discretionary
Strategic General Consumer Discretionary Group,FIN281,363.97,Consumer Discretionary,General Consumer Discretionary
Premier General Industrials Solutions,COM282,328.31,Industrials,General Industrials
Advanced IT Services Solutions,ENRG283,10.34,Technology,IT Services
Dynamic General Consumer Discretionary LLC,CONS284,119.97,Consumer Discretionary,General Consumer Discretionary
Strategic General Consumer Discretionary Corp,COM285,420.46,Consumer Discretionary,General Consumer Discretionary
Advanced Health Insurance Systems,CONS286,106.52,Healthcare,Health Insurance
Innovative General Consumer Discretionary Inc,HLTH287,210.76,Consumer Discretionary,General Consumer Discretionary
Strategic Healthcare Facilities Technologies,FIN288,156.08,Healthcare,Healthcare Facilities
Strategic General Consumer Discretionary Inc,TECH289,45.82,Consumer Discretionary,General Consumer Discretionary
Innovative General Consumer Discretionary Inc,TECH290,334.53,Consumer Discretionary,General Consumer Discretionary
Strategic General Communication Services Systems,UTIL291,333.35,Communication Services,General Communication Services
Advanced General Industrials Corp,MAT292,253.57,Industrials,General Industrials
Premier Healthcare Facilities Group,TECH293,171.37,Healthcare,Healthcare Facilities
Global General Real Estate Corp,ENRG294,88.62,Real Estate,General Real Estate
Dynamic General Real Estate Solutions,HLTH295,468.32,Real Estate,General Real Estate
Strategic Payment Processing Corp,IND296,337.42,Financial Services,Payment Processing
Advanced General Real Estate Technologies,UTIL297,411.91,Real Estate,General Real Estate
Dynamic General Consumer Discretionary Solutions,IND298,154.78,Consumer Discretionary,General Consumer Discretionary
Premier General Real Estate Solutions,UTIL299,213.75,Real Estate,General Real Estate
Innovative General Consumer Staples LLC,UTIL300,168.94,Consumer Staples,General Consumer Staples
Premier Health Insurance Inc,IND301,145.54,Healthcare,Health Insurance
Premier General Utilities LLC,HLTH302,107.12,Utilities,General Utilities
Global General Materials Solutions,COM303,480.77,Materials,General Materials
Premier General Real Estate Technologies,UTIL304,98.79,Real Estate,General Real Estate
Premier General Communication Services Systems,TECH305,402.14,Communication Services,General Communication Services
Dynamic General Real Estate Inc,HLTH306,311.99,Real Estate,General Real Estate
Innovative General Materials Group,MAT307,143.44,Materials,General Materials
Dynamic General Utilities LLC,ENRG308,370.32,Utilities,General Utilities
Innovative General Consumer Staples Technologies,UTIL309,420.07,Consumer Staples,General Consumer Staples
Advanced General Consumer Staples Solutions,MAT310,39.51,Consumer Staples,General Consumer Staples
Dynamic Biotechnology Group,MAT311,485.31,Healthcare,Biotechnology
Dynamic General Consumer Staples Group,UTIL312,49.46,Consumer Staples,General Consumer Staples
Strategic General Utilities Inc,TECH313,23.84,Utilities,General Utilities
Dynamic Payment Processing Corp,UTIL314,294.83,Financial Services,Payment Processing
Global General Utilities Group,HLTH315,13.06,Utilities,General Utilities
Innovative Biotechnology Solutions,UTIL316,71.54,Healthcare,Biotechnology
Dynamic Asset Management Systems,FIN317,187.52,Financial Services,Asset Management
Innovative General Consumer Discretionary Systems,HLTH318,181.43,Consumer Discretionary,General Consumer Discretionary
Strategic General Consumer Staples Inc,CONS319,86.82,Consumer Staples,General Consumer Staples
Global General Communication Services Group,ENRG320,148.18,Communication Services,General Communication Services
Strategic Banks Systems,FIN321,362.17,Financial Services,Banks
Global General Utilities Corp,ENRG322,295.19,Utilities,General Utilities
Innovative Networking Corp,TECH323,222.05,Technology,Networking
Premier General Consumer Discretionary Technologies,CONS324,222.56,Consumer Discretionary,General Consumer Discretionary
Global Semiconductors Technologies,UTIL325,328.24,Technology,Semiconductors
Dynamic Medical Devices Corp,FIN326,233.73,Healthcare,Medical Devices
Dynamic Insurance Group,FIN327,255.70,Financial Services,Insurance
Strategic General Real Estate Corp,TECH328,27.16,Real Estate,General Real Estate
Advanced Investment Services Solutions,COM329,399.35,Financial Services,Investment Services
Strategic General Communication Services Systems,FIN330,178.48,Communication Services,General Communication Services
Innovative General Consumer Staples Systems,COM331,245.83,Consumer Staples,General Consumer Staples
Innovative General Utilities Solutions,IND332,436.26,Utilities,General Utilities
Strategic General Utilities Technologies,COM333,240.03,Utilities,General Utilities
Innovative Pharmaceuticals LLC,TECH334,351.32,Healthcare,Pharmaceuticals
Premier General Materials Systems,TECH335,392.00,Materials,General Materials
Strategic Gaming Solutions,CONS336,133.59,Technology,Gaming
Advanced Health Insurance Group,TECH337,314.70,Healthcare,Health Insurance
Dynamic General Energy Corp,HLTH338,368.93,Energy,General Energy
Premier General Consumer Discretionary Systems,TECH339,183.53,Consumer Discretionary,General Consumer Discretionary
Global Banks LLC,IND340,384.70,Financial Services,Banks
Innovative General Communication Services Systems,HLTH341,137.73,Communication Services,General Communication Services
Strategic Payment Processing LLC,CONS342,294.82,Financial Services,Payment Processing
Global General Consumer Discretionary Corp,TECH343,206.31,Consumer Discretionary,General Consumer Discretionary
Dynamic General Real Estate Inc,MAT344,495.27,Real Estate,General Real Estate
Premier General Real Estate Group,MAT345,116.09,Real Estate,General Real Estate
Innovative General Energy Solutions,COM346,220.07,Energy,General Energy
Strategic Biotechnology LLC,HLTH347,342.06,Healthcare,Biotechnology
Dynamic Software Inc,FIN348,205.56,Technology,Software
Dynamic General Utilities Solutions,HLTH349,368.97,Utilities,General Utilities
Advanced General Consumer Discretionary Corp,FIN350,485.70,Consumer Discretionary,General Consumer Discretionary
Global General Real Estate Solutions,MAT351,463.80,Real Estate,General Real Estate
Dynamic General Industrials Technologies,IND352,216.54,Industrials,General Industrials
Strategic General Materials Inc,TECH353,69.75,Materials,General Materials
Global General Consumer Discretionary Systems,IND354,322.18,Consumer Discretionary,General Consumer Discretionary
Global General Utilities Corp,FIN355,488.61,Utilities,General Utilities
Advanced General Materials Group,TECH356,367.83,Materials,General Materials
Premier Healthcare Facilities Group,IND357,144.46,Healthcare,Healthcare Facilities
Premier General Real Estate Corp,HLTH358,279.59,Real Estate,General Real Estate
Innovative General Real Estate Systems,IND359,296.70,Real Estate,General Real Estate
Premier Gaming LLC,CONS360,411.88,Technology,Gaming
Strategic General Industrials LLC,CONS361,344.52,Industrials,General Industrials
Strategic General Communication Services Group,COM362,408.87,Communication Services,General Communication Services
Strategic Healthcare Facilities Corp,IND363,400.43,Healthcare,Healthcare Facilities
Strategic General Communication Services Systems,ENRG364,175.67,Communication Services,General Communication Services
Strategic General Consumer Discretionary Technologies,ENRG365,37.18,Consumer Discretionary,General Consumer Discretionary
Advanced General Energy Technologies,IND366,446.60,Energy,General Energy
Global General Materials Technologies,UTIL367,382.97,Materials,General Materials
Innovative Insurance Group,FIN368,229.59,Financial Services,Insurance
Advanced General Energy Inc,CONS369,390.42,Energy,General Energy
Premier General Industrials Systems,IND370,249.11,Industrials,General Industrials
Dynamic Banks Corp,UTIL371,469.11,Financial Services,Banks
Innovative General Real Estate Solutions,FIN372,142.05,Real Estate,General Real Estate
Dynamic General Consumer Discretionary Technologies,UTIL373,98.30,Consumer Discretionary,General Consumer Discretionary
Advanced General Consumer Discretionary Corp,HLTH374,317.27,Consumer Discretionary,General Consumer Discretionary
Global General Utilities Group,CONS375,462.72,Utilities,General Utilities
Premier General Energy Technologies,UTIL376,340.82,Energy,General Energy
Innovative Asset Management Systems,IND377,132.57,Financial Services,Asset Management
Premier General Communication Services LLC,FIN378,308.98,Communication Services,General Communication Services
Strategic General Communication Services Solutions,TECH379,110.62,Communication Services,General Communication Services
Innovative General Real Estate LLC,UTIL380,10.15,Real Estate,General Real Estate
Innovative General Communication Services Systems,TECH381,197.66,Communication Services,General Communication Services
Innovative General Materials Solutions,CONS382,248.43,Materials,General Materials
Global Software LLC,ENRG383,312.65,Technology,Software
Innovative Banks Solutions,UTIL384,123.57,Financial Services,Banks
Innovative General Consumer Discretionary LLC,ENRG385,144.48,Consumer Discretionary,General Consumer Discretionary
Global General Materials Solutions,CONS386,204.68,Materials,General Materials
Advanced General Industrials Inc,FIN387,421.65,Industrials,General Industrials
Innovative Investment Services Corp,UTIL388,461.28,Financial Services,Investment Services
Innovative Semiconductors LLC,FIN389,59.19,Technology,Semiconductors
Advanced General Energy Corp,HLTH390,208.35,Energy,General Energy
Innovative General Consumer Discretionary Corp,COM391,88.35,Consumer Discretionary,General Consumer Discretionary
Dynamic General Consumer Discretionary Group,UTIL392,285.01,Consumer Discretionary,General Consumer Discretionary
Innovative General Energy Technologies,COM393,332.79,Energy,General Energy
Strategic Real Estate Investment Inc,HLTH394,409.68,Financial Services,Real Estate Investment
Dynamic General Materials Solutions,TECH395,59.48,Materials,General Materials
Strategic General Real Estate Inc,UTIL396,10.14,Real Estate,General Real Estate
Dynamic General Consumer Discretionary Solutions,TECH397,456.62,Consumer Discretionary,General Consumer Discretionary
Global General Consumer Staples Systems,CONS398,281.28,Consumer Staples,General Consumer Staples
Advanced Investment Services Systems,COM399,398.15,Financial Services,Investment Services
Global General Energy Inc,MAT400,223.32,Energy,General Energy
Innovative IT Services Corp,MAT401,170.80,Technology,IT Services
Strategic General Industrials Corp,HLTH402,96.35,Industrials,General Industrials
Advanced General Consumer Staples LLC,FIN403,378.35,Consumer Staples,General Consumer Staples
Advanced Investment Services LLC,FIN404,92.74,Financial Services,Investment Services
Innovative General Utilities Technologies,MAT405,26.70,Utilities,General Utilities
Strategic General Industrials Inc,ENRG406,46.35,Industrials,General Industrials
Advanced Biotechnology Solutions,IND407,71.49,Healthcare,Biotechnology
Premier Healthcare Facilities Technologies,CONS408,136.70,Healthcare,Healthcare Facilities
Strategic General Energy Technologies,TECH409,351.34,Energy,General Energy
Innovative General Utilities LLC,COM410,214.26,Utilities,General Utilities
Innovative General Energy Inc,MAT411,256.38,Energy,General Energy
Premier General Utilities Solutions,ENRG412,357.77,Utilities,General Utilities
Innovative General Industrials LLC,FIN413,352.03,Industrials,General Industrials
Advanced General Real Estate Corp,CONS414,419.36,Real Estate,General Real Estate
Premier General Materials Corp,HLTH415,489.17,Materials,General Materials
Strategic General Communication Services Corp,TECH416,24.86,Communication Services,General Communication Services
Global General Materials Inc,FIN417,467.25,Materials,General Materials
Strategic Semiconductors Group,FIN418,25.74,Technology,Semiconductors
Innovative Banks LLC,MAT419,77.33,Financial Services,Banks
Advanced Healthcare Facilities Systems,MAT420,203.30,Healthcare,Healthcare Facilities
Innovative General Communication Services Solutions,COM421,453.15,Communication Services,General Communication Services
Strategic General Utilities Inc,UTIL422,78.27,Utilities,General Utilities
Global Insurance Technologies,COM423,39.79,Financial Services,Insurance
Global Banks Inc,COM424,284.90,Financial Services,Banks
Strategic General Energy Inc,UTIL425,118.17,Energy,General Energy
Innovative Diagnostics Technologies,IND426,244.87,Healthcare,Diagnostics
Advanced Asset Management Group,CONS427,441.25,Financial Services,Asset Management
Innovative General Real Estate Systems,HLTH428,187.87,Real Estate,General Real Estate
Premier General Consumer Discretionary Inc,UTIL429,451.15,Consumer Discretionary,General Consumer Discretionary
Advanced General Energy Group,COM430,454.40,Energy,General Energy
Premier General Energy Systems,COM431,442.84,Energy,General Energy
Premier IT Services Systems,COM432,269.42,Technology,IT Services
Dynamic General Consumer Discretionary Group,MAT433,104.50,Consumer Discretionary,General Consumer Discretionary
Strategic Medical Devices Solutions,MAT434,495.90,Healthcare,Medical Devices
Innovative General Communication Services Inc,TECH435,129.90,Communication Services,General Communication Services
Premier General Consumer Staples Inc,IND436,146.18,Consumer Staples,General Consumer Staples
Strategic General Consumer Staples LLC,ENRG437,207.82,Consumer Staples,General Consumer Staples
Global General Consumer Staples Inc,MAT438,168.02,Consumer Staples,General Consumer Staples
Premier Real Estate Investment Group,HLTH439,146.24,Financial Services,Real Estate Investment
Innovative General Real Estate Systems,HLTH440,159.23,Real Estate,General Real Estate
Dynamic General Materials Solutions,IND441,150.15,Materials,General Materials
Innovative Health Insurance Technologies,MAT442,231.71,Healthcare,Health Insurance
Innovative General Materials Inc,IND443,387.81,Materials,General Materials
Dynamic General Communication Services Inc,HLTH444,305.88,Communication Services,General Communication Services
Premier General Consumer Discretionary Group,MAT445,297.71,Consumer Discretionary,General Consumer Discretionary
Advanced General Consumer Staples LLC,CONS446,47.64,Consumer Staples,General Consumer Staples
Global General Communication Services Technologies,HLTH447,211.93,Communication Services,General Communication Services
Dynamic General Consumer Discretionary Group,HLTH448,35.09,Consumer Discretionary,General Consumer Discretionary
Global Real Estate Investment Inc,IND449,41.19,Financial Services,Real Estate Investment
Advanced General Utilities Group,FIN450,175.43,Utilities,General Utilities
Advanced General Energy Solutions,FIN451,192.22,Energy,General Energy
Advanced General Industrials Solutions,MAT452,405.46,Industrials,General Industrials
Innovative General Industrials Corp,IND453,430.22,Industrials,General Industrials
Advanced General Consumer Staples Technologies,FIN454,22.54,Consumer Staples,General Consumer Staples
Dynamic General Materials Group,ENRG455,392.80,Materials,General Materials
Strategic General Energy Technologies,IND456,441.36,Energy,General Energy
Advanced Health Insurance Systems,HLTH457,331.85,Healthcare,Health Insurance
Dynamic General Materials Inc,ENRG458,181.23,Materials,General Materials
Global General Energy Corp,COM459,142.60,Energy,General Energy
Strategic General Energy LLC,HLTH460,242.91,Energy,General Energy
Dynamic Asset Management LLC,COM461,82.92,Financial Services,Asset Management
Strategic General Consumer Discretionary Solutions,IND462,489.98,Consumer Discretionary,General Consumer Discretionary
Dynamic General Communication Services Group,CONS463,77.65,Communication Services,General Communication Services
Premier General Energy Technologies,COM464,415.99,Energy,General Energy
Advanced General Industrials Corp,FIN465,86.94,Industrials,General Industrials
Strategic Internet Services Technologies,MAT466,417.12,Technology,Internet Services
Strategic Asset Management Corp,ENRG467,217.92,Financial Services,Asset Management
Dynamic General Real Estate Group,COM468,231.29,Real Estate,General Real Estate
Dynamic Cybersecurity Corp,FIN469,17.04,Technology,Cybersecurity
Premier General Materials Group,UTIL470,368.66,Materials,General Materials
Dynamic Diagnostics LLC,TECH471,423.80,Healthcare,Diagnostics
Innovative General Energy Technologies,IND472,288.62,Energy,General Energy
Premier General Industrials Technologies,TECH473,106.80,Industrials,General Industrials
Advanced General Industrials LLC,CONS474,8.65,Industrials,General Industrials
Global General Communication Services Systems,UTIL475,282.59,Communication Services,General Communication Services
Global General Energy Solutions,HLTH476,450.98,Energy,General Energy
Advanced General Industrials Inc,TECH477,250.20,Industrials,General Industrials
Strategic General Consumer Discretionary Technologies,TECH478,275.13,Consumer Discretionary,General Consumer Discretionary
Strategic General Communication Services Inc,MAT479,390.12,Communication Services,General Communication Services
Dynamic General Materials Group,UTIL480,36.83,Materials,General Materials
Strategic Real Estate Investment Solutions,UTIL481,301.40,Financial Services,Real Estate Investment
Innovative General Real Estate Technologies,MAT482,466.70,Real Estate,General Real Estate
Premier General Consumer Discretionary Inc,CONS483,272.66,Consumer Discretionary,General Consumer Discretionary
Premier General Materials Systems,MAT484,71.51,Materials,General Materials
Innovative General Consumer Staples Corp,ENRG485,45.42,Consumer Staples,General Consumer Staples
Innovative General Energy Systems,UTIL486,206.13,Energy,General Energy
Global General Industrials Solutions,HLTH487,454.17,Industrials,General Industrials
Innovative Payment Processing Solutions,TECH488,137.88,Financial Services,Payment Processing
Strategic Cybersecurity Systems,UTIL489,256.09,Technology,Cybersecurity
Advanced Consumer Electronics Technologies,HLTH490,233.83,Technology,Consumer Electronics
Advanced General Energy Solutions,TECH491,226.19,Energy,General Energy
Strategic General Materials Corp,HLTH492,170.09,Materials,General Materials
Premier Banks LLC,HLTH493,437.18,Financial Services,Banks
Innovative IT Services Technologies,CONS494,399.08,Technology,IT Services
Strategic General Materials Group,ENRG495,387.64,Materials,General Materials
Global General Real Estate Corp,UTIL496,400.36,Real Estate,General Real Estate
Premier General Consumer Staples Inc,TECH497,446.81,Consumer Staples,General Consumer Staples
Dynamic General Energy Group,COM498,434.77,Energy,General Energy
Dynamic General Consumer Staples Group,IND499,42.77,Consumer Staples,General Consumer Staples
Dynamic General Consumer Staples Solutions,CONS500,405.24,Consumer Staples,General Consumer Staples
Innovative Consumer Electronics Systems,FIN501,16.66,Technology,Consumer Electronics
Premier Medical Devices LLC,CONS502,55.23,Healthcare,Medical Devices
Strategic General Real Estate Technologies,HLTH503,264.85,Real Estate,General Real Estate
Innovative General Real Estate Group,MAT504,482.58,Real Estate,General Real Estate
Global Real Estate Investment LLC,FIN505,83.51,Financial Services,Real Estate Investment
Global General Communication Services Inc,COM506,286.80,Communication Services,General Communication Services
Innovative General Industrials Corp,IND507,299.81,Industrials,General Industrials
Premier General Materials Group,ENRG508,48.36,Materials,General Materials
Premier General Industrials Systems,UTIL509,134.00,Industrials,General Industrials
Innovative Real Estate Investment Technologies,TECH510,292.62,Financial Services,Real Estate Investment
Innovative General Materials Solutions,UTIL511,186.65,Materials,General Materials
Strategic General Industrials Technologies,FIN512,343.48,Industrials,General Industrials
Premier General Industrials Solutions,CONS513,465.53,Industrials,General Industrials
Dynamic General Materials Systems,TECH514,169.32,Materials,General Materials
Innovative Insurance LLC,COM515,432.32,Financial Services,Insurance
Innovative General Real Estate Systems,UTIL516,68.69,Real Estate,General Real Estate
Premier General Industrials Systems,TECH517,442.26,Industrials,General Industrials
Dynamic General Communication Services Technologies,CONS518,390.47,Communication Services,General Communication Services
Innovative Cybersecurity Solutions,COM519,437.40,Technology,Cybersecurity
Global Semiconductors Inc,HLTH520,449.15,Technology,Semiconductors
Advanced General Industrials LLC,IND521,270.11,Industrials,General Industrials
Strategic General Communication Services Group,HLTH522,112.88,Communication Services,General Communication Services
Advanced General Energy Solutions,ENRG523,469.12,Energy,General Energy
Advanced Payment Processing Group,MAT524,130.89,Financial Services,Payment Processing
Global General Consumer Staples Inc,MAT525,305.64,Consumer Staples,General Consumer Staples
Premier General Industrials Corp,MAT526,206.80,Industrials,General Industrials
Strategic Medical Devices Solutions,COM527,470.14,Healthcare,Medical Devices
Dynamic General Real Estate Solutions,COM528,28.31,Real Estate,General Real Estate
Advanced General Real Estate Group,UTIL529,200.22,Real Estate,General Real Estate
Strategic Health Insurance Solutions,COM530,30.55,Healthcare,Health Insurance
Strategic General Consumer Staples Technologies,IND531,462.16,Consumer Staples,General Consumer Staples
Strategic General Communication Services Systems,CONS532,253.65,Communication Services,General Communication Services
Strategic General Communication Services Systems,CONS533,424.56,Communication Services,General Communication Services
Strategic General Real Estate Group,UTIL534,467.16,Real Estate,General Real Estate
Dynamic General Energy Systems,COM535,139.11,Energy,General Energy
Advanced General Communication Services Group,UTIL536,32.11,Communication Services,General Communication Services
Global General Real Estate Group,COM537,369.53,Real Estate,General Real Estate
Dynamic General Utilities Solutions,FIN538,357.43,Utilities,General Utilities
Dynamic General Communication Services Systems,IND539,325.95,Communication Services,General Communication Services
Strategic General Materials Corp,ENRG540,137.32,Materials,General Materials
Innovative General Communication Services Inc,CONS541,203.41,Communication Services,General Communication Services
Strategic Software Corp,TECH542,170.82,Technology,Software
Strategic Banks Technologies,HLTH543,132.74,Financial Services,Banks
Advanced General Real Estate Systems,TECH544,234.58,Real Estate,General Real Estate
Innovative General Communication Services Corp,ENRG545,302.59,Communication Services,General Communication Services
Strategic Cybersecurity Inc,COM546,416.18,Technology,Cybersecurity
Premier General Consumer Discretionary Inc,TECH547,196.09,Consumer Discretionary,General Consumer Discretionary
Innovative General Industrials Group,MAT548,371.63,Industrials,General Industrials
Dynamic General Consumer Discretionary Group,ENRG549,298.76,Consumer Discretionary,General Consumer Discretionary
Premier General Industrials Corp,HLTH550,120.27,Industrials,General Industrials
Strategic General Consumer Staples Group,UTIL551,486.04,Consumer Staples,General Consumer Staples
Strategic General Communication Services Solutions,ENRG552,100.51,Communication Services,General Communication Services
Advanced General Communication Services LLC,UTIL553,151.96,Communication Services,General Communication Services
Global Banks LLC,COM554,224.44,Financial Services,Banks
Premier General Materials Corp,COM555,314.02,Materials,General Materials
Innovative General Utilities Systems,ENRG556,197.95,Utilities,General Utilities
Global General Real Estate Systems,FIN557,211.71,Real Estate,General Real Estate
Innovative General Utilities Solutions,CONS558,218.24,Utilities,General Utilities
Advanced General Consumer Discretionary Corp,HLTH559,473.45,Consumer Discretionary,General Consumer Discretionary
Innovative General Consumer Staples Group,CONS560,193.06,Consumer Staples,General Consumer Staples
Advanced General Energy LLC,TECH561,344.73,Energy,General Energy
Dynamic General Utilities Solutions,HLTH562,248.02,Utilities,General Utilities
Advanced Real Estate Investment Solutions,ENRG563,358.76,Financial Services,Real Estate Investment
Advanced General Real Estate Corp,TECH564,52.01,Real Estate,General Real Estate
Premier General Energy LLC,FIN565,66.36,Energy,General Energy
Dynamic General Communication Services Corp,ENRG566,30.51,Communication Services,General Communication Services
Global General Consumer Staples LLC,CONS567,42.88,Consumer Staples,General Consumer Staples
Dynamic General Consumer Discretionary Inc,IND568,84.62,Consumer Discretionary,General Consumer Discretionary
Global General Utilities Corp,UTIL569,310.20,Utilities,General Utilities
Global General Real Estate LLC,CONS570,24.17,Real Estate,General Real Estate
Advanced General Energy Solutions,CONS571,452.12,Energy,General Energy
Dynamic General Consumer Discretionary Inc,HLTH572,132.60,Consumer Discretionary,General Consumer Discretionary
Strategic General Consumer Staples Solutions,MAT573,70.84,Consumer Staples,General Consumer Staples
Premier General Utilities Solutions,MAT574,12.03,Utilities,General Utilities
Global General Consumer Staples Solutions,ENRG575,135.03,Consumer Staples,General Consumer Staples
Premier General Industrials LLC,ENRG576,304.04,Industrials,General Industrials
Dynamic General Materials Systems,ENRG577,479.24,Materials,General Materials
Global General Industrials Systems,CONS578,200.71,Industrials,General Industrials
Global Payment Processing Group,ENRG579,422.72,Financial Services,Payment Processing
Global General Industrials Corp,TECH580,126.73,Industrials,General Industrials
Strategic General Real Estate Solutions,FIN581,235.71,Real Estate,General Real Estate
Innovative IT Services Systems,CONS582,476.44,Technology,IT Services
Strategic Payment Processing Group,UTIL583,403.97,Financial Services,Payment Processing
Premier IT Services Corp,TECH584,167.69,Technology,IT Services
Strategic General Real Estate LLC,MAT585,153.78,Real Estate,General Real Estate
Dynamic General Materials Solutions,TECH586,457.67,Materials,General Materials
Global General Materials Group,CONS587,32.61,Materials,General Materials
Innovative Biotechnology Systems,TECH588,483.27,Healthcare,Biotechnology
Dynamic Semiconductors Systems,COM589,460.73,Technology,Semiconductors
Strategic Real Estate Investment Technologies,COM590,145.82,Financial Services,Real Estate Investment
Global General Energy Technologies,ENRG591,122.97,Energy,General Energy
Global General Consumer Discretionary Corp,FIN592,292.63,Consumer Discretionary,General Consumer Discretionary
Strategic General Materials Technologies,ENRG593,79.78,Materials,General Materials
Premier General Industrials Inc,CONS594,252.61,Industrials,General Industrials
Advanced General Utilities Group,ENRG595,311.49,Utilities,General Utilities
Innovative General Communication Services Corp,CONS596,282.86,Communication Services,General Communication Services
Global General Industrials Systems,FIN597,241.59,Industrials,General Industrials
Strategic Investment Services Systems,ENRG598,126.46,Financial Services,Investment Services
Innovative General Consumer Discretionary Technologies,FIN599,88.82,Consumer Discretionary,General Consumer Discretionary
Premier Biotechnology Technologies,ENRG600,235.91,Healthcare,Biotechnology
Strategic General Consumer Discretionary Solutions,COM601,389.18,Consumer Discretionary,General Consumer Discretionary
Premier General Materials Group,COM602,246.29,Materials,General Materials
Dynamic General Consumer Staples LLC,IND603,469.89,Consumer Staples,General Consumer Staples
Dynamic General Consumer Discretionary Inc,FIN604,272.14,Consumer Discretionary,General Consumer Discretionary
Premier General Consumer Staples Technologies,COM605,210.91,Consumer Staples,General Consumer Staples
Strategic General Industrials Group,MAT606,266.64,Industrials,General Industrials
Dynamic Insurance Solutions,IND607,151.63,Financial Services,Insurance
Dynamic General Consumer Discretionary Inc,IND608,477.89,Consumer Discretionary,General Consumer Discretionary
Strategic General Real Estate Solutions,MAT609,54.34,Real Estate,General Real Estate
Global General Materials Group,CONS610,244.15,Materials,General Materials
Global General Energy Solutions,CONS611,271.45,Energy,General Energy
Global Asset Management Technologies,COM612,284.62,Financial Services,Asset Management
Premier General Consumer Staples Systems,UTIL613,208.61,Consumer Staples,General Consumer Staples
Global Healthcare Facilities Group,IND614,77.55,Healthcare,Healthcare Facilities
Strategic General Consumer Discretionary Solutions,MAT615,262.17,Consumer Discretionary,General Consumer Discretionary
Innovative Gaming LLC,FIN616,458.50,Technology,Gaming
Dynamic Pharmaceuticals Technologies,MAT617,311.94,Healthcare,Pharmaceuticals
Global General Consumer Discretionary Corp,UTIL618,193.44,Consumer Discretionary,General Consumer Discretionary
Premier General Communication Services Technologies,HLTH619,372.12,Communication Services,General Communication Services
Advanced Health Insurance Technologies,MAT620,56.26,Healthcare,Health Insurance
Dynamic Diagnostics Systems,HLTH621,58.13,Healthcare,Diagnostics
Global IT Services Inc,TECH622,116.28,Technology,IT Services
Innovative Diagnostics Technologies,IND623,136.23,Healthcare,Diagnostics
Dynamic Medical Devices Technologies,CONS624,24.20,Healthcare,Medical Devices
Global General Consumer Discretionary Systems,MAT625,353.56,Consumer Discretionary,General Consumer Discretionary
Advanced General Real Estate LLC,CONS626,443.12,Real Estate,General Real Estate
Strategic General Materials Corp,ENRG627,130.63,Materials,General Materials
Global Gaming Solutions,HLTH628,9.55,Technology,Gaming
Advanced Software LLC,MAT629,342.97,Technology,Software
Innovative General Real Estate Systems,CONS630,68.38,Real Estate,General Real Estate
Premier General Energy Corp,HLTH631,327.16,Energy,General Energy
Dynamic General Real Estate Technologies,FIN632,70.99,Real Estate,General Real Estate
Dynamic Diagnostics Technologies,CONS633,217.86,Healthcare,Diagnostics
Dynamic Health Insurance Systems,ENRG634,446.31,Healthcare,Health Insurance
Strategic General Consumer Staples Corp,ENRG635,146.43,Consumer Staples,General Consumer Staples
Innovative General Consumer Staples Solutions,IND636,485.65,Consumer Staples,General Consumer Staples
Premier Healthcare Facilities Corp,UTIL637,113.42,Healthcare,Healthcare Facilities
Innovative General Energy LLC,MAT638,16.32,Energy,General Energy
Dynamic General Materials Group,UTIL639,79.21,Materials,General Materials
Innovative General Communication Services Technologies,UTIL640,134.79,Communication Services,General Communication Services
Global Medical Devices Inc,ENRG641,483.30,Healthcare,Medical Devices
Strategic Semiconductors Technologies,TECH642,336.27,Technology,Semiconductors
Innovative General Utilities Group,IND643,444.99,Utilities,General Utilities
Global Real Estate Investment Corp,UTIL644,214.17,Financial Services,Real Estate Investment
Global General Communication Services LLC,CONS645,207.40,Communication Services,General Communication Services
Strategic General Consumer Discretionary Group,ENRG646,20.73,Consumer Discretionary,General Consumer Discretionary
Dynamic General Consumer Staples Group,ENRG647,155.77,Consumer Staples,General Consumer Staples
Advanced General Consumer Discretionary Technologies,IND648,333.90,Consumer Discretionary,General Consumer Discretionary
Innovative General Utilities LLC,UTIL649,245.37,Utilities,General Utilities
Global General Consumer Staples LLC,COM650,368.07,Consumer Staples,General Consumer Staples
Strategic General Real Estate LLC,CONS651,257.08,Real Estate,General Real Estate
Dynamic Cybersecurity Systems,CONS652,251.30,Technology,Cybersecurity
Premier General Consumer Staples Inc,TECH653,224.18,Consumer Staples,General Consumer Staples
Innovative General Consumer Discretionary Corp,COM654,291.65,Consumer Discretionary,General Consumer Discretionary
Advanced Real Estate Investment Group,COM655,339.11,Financial Services,Real Estate Investment
Advanced General Communication Services LLC,MAT656,447.06,Communication Services,General Communication Services
Dynamic Pharmaceuticals LLC,FIN657,424.45,Healthcare,Pharmaceuticals
Dynamic General Consumer Staples Technologies,HLTH658,104.08,Consumer Staples,General Consumer Staples
Advanced Medical Devices LLC,FIN659,244.72,Healthcare,Medical Devices
Strategic General Industrials Inc,HLTH660,108.83,Industrials,General Industrials
Innovative General Energy Corp,FIN661,423.41,Energy,General Energy
Global General Utilities LLC,UTIL662,222.28,Utilities,General Utilities
Premier General Communication Services Solutions,CONS663,89.79,Communication Services,General Communication Services
Premier General Real Estate Technologies,TECH664,99.70,Real Estate,General Real Estate
Premier Real Estate Investment Inc,FIN665,466.23,Financial Services,Real Estate Investment
Innovative General Communication Services Group,IND666,33.57,Communication Services,General Communication Services
Dynamic Networking Group,COM667,115.25,Technology,Networking
Premier General Utilities Corp,MAT668,130.55,Utilities,General Utilities
Strategic General Communication Services Systems,IND669,461.18,Communication Services,General Communication Services
Global General Real Estate Group,TECH670,180.04,Real Estate,General Real Estate
Advanced General Materials Solutions,TECH671,281.69,Materials,General Materials
Strategic Diagnostics LLC,IND672,20.56,Healthcare,Diagnostics
Dynamic General Industrials Corp,ENRG673,451.10,Industrials,General Industrials
Strategic General Materials Group,MAT674,124.54,Materials,General Materials
Advanced General Industrials Inc,TECH675,201.03,Industrials,General Industrials
Advanced General Energy Corp,UTIL676,81.85,Energy,General Energy
Global Health Insurance Inc,HLTH677,82.11,Healthcare,Health Insurance
Innovative Gaming Group,FIN678,8.96,Technology,Gaming
Strategic General Consumer Discretionary Systems,TECH679,188.89,Consumer Discretionary,General Consumer Discretionary
Strategic General Utilities Inc,TECH680,196.90,Utilities,General Utilities
Strategic General Utilities Systems,CONS681,69.71,Utilities,General Utilities
Innovative General Utilities Group,MAT682,23.12,Utilities,General Utilities
Global General Consumer Staples Inc,MAT683,310.89,Consumer Staples,General Consumer Staples
Innovative Diagnostics LLC,ENRG684,15.28,Healthcare,Diagnostics
Strategic General Energy Group,ENRG685,198.07,Energy,General Energy
Advanced IT Services Technologies,ENRG686,425.43,Technology,IT Services
Global General Industrials Technologies,FIN687,362.81,Industrials,General Industrials
Dynamic Payment Processing Corp,IND688,334.59,Financial Services,Payment Processing
Innovative General Energy Solutions,HLTH689,91.13,Energy,General Energy
Dynamic Banks Inc,IND690,56.44,Financial Services,Banks
Premier Diagnostics Technologies,UTIL691,48.87,Healthcare,Diagnostics
Global General Consumer Staples Corp,MAT692,430.53,Consumer Staples,General Consumer Staples
Strategic General Consumer Discretionary Corp,HLTH693,214.97,Consumer Discretionary,General Consumer Discretionary
Advanced General Consumer Staples Corp,ENRG694,370.05,Consumer Staples,General Consumer Staples
Global General Consumer Staples Group,UTIL695,25.67,Consumer Staples,General Consumer Staples
Advanced General Consumer Staples LLC,HLTH696,244.80,Consumer Staples,General Consumer Staples
Global General Consumer Staples Corp,HLTH697,127.60,Consumer Staples,General Consumer Staples
Premier General Utilities Inc,HLTH698,470.11,Utilities,General Utilities
Global Networking LLC,FIN699,404.79,Technology,Networking
Global Semiconductors Corp,CONS700,414.83,Technology,Semiconductors
Strategic General Communication Services Systems,COM701,29.55,Communication Services,General Communication Services
Strategic General Consumer Discretionary Technologies,ENRG702,194.78,Consumer Discretionary,General Consumer Discretionary
Premier General Industrials Solutions,COM703,134.14,Industrials,General Industrials
Dynamic General Energy Inc,IND704,107.14,Energy,General Energy
Advanced General Utilities Technologies,ENRG705,222.27,Utilities,General Utilities
Premier Networking Solutions,MAT706,473.73,Technology,Networking
Strategic General Real Estate Solutions,TECH707,444.85,Real Estate,General Real Estate
Strategic General Consumer Discretionary Corp,TECH708,363.72,Consumer Discretionary,General Consumer Discretionary
Global General Materials Inc,MAT709,223.00,Materials,General Materials
Advanced General Energy Solutions,IND710,228.83,Energy,General Energy
Dynamic General Energy LLC,IND711,30.17,Energy,General Energy
Premier General Real Estate Group,COM712,376.52,Real Estate,General Real Estate
Global General Materials Technologies,FIN713,466.99,Materials,General Materials
Strategic General Communication Services Group,COM714,403.80,Communication Services,General Communication Services
Innovative Health Insurance Group,UTIL715,129.27,Healthcare,Health Insurance
Dynamic IT Services Solutions,CONS716,397.23,Technology,IT Services
Strategic General Consumer Staples Inc,TECH717,43.36,Consumer Staples,General Consumer Staples
Innovative General Materials Technologies,UTIL718,43.00,Materials,General Materials
Global General Utilities Solutions,IND719,134.17,Utilities,General Utilities
Premier General Industrials Solutions,UTIL720,346.87,Industrials,General Industrials
Strategic General Industrials LLC,CONS721,172.55,Industrials,General Industrials
Advanced General Energy Systems,MAT722,157.56,Energy,General Energy
Dynamic General Real Estate Solutions,MAT723,169.88,Real Estate,General Real Estate
Global Pharmaceuticals Technologies,HLTH724,167.63,Healthcare,Pharmaceuticals
Premier General Consumer Staples Systems,HLTH725,263.24,Consumer Staples,General Consumer Staples
Global General Consumer Staples Inc,TECH726,141.89,Consumer Staples,General Consumer Staples
Innovative Insurance Corp,CONS727,265.32,Financial Services,Insurance
Strategic General Consumer Staples LLC,CONS728,8.38,Consumer Staples,General Consumer Staples
Premier General Materials Inc,COM729,331.03,Materials,General Materials
Global General Consumer Discretionary Inc,MAT730,289.73,Consumer Discretionary,General Consumer Discretionary
Dynamic General Consumer Discretionary Technologies,MAT731,442.51,Consumer Discretionary,General Consumer Discretionary
Premier Cybersecurity Inc,UTIL732,225.31,Technology,Cybersecurity
Dynamic Asset Management Solutions,TECH733,57.42,Financial Services,Asset Management
Premier General Industrials Group,HLTH734,388.89,Industrials,General Industrials
Global General Communication Services Technologies,FIN735,100.65,Communication Services,General Communication Services
Strategic General Real Estate Systems,HLTH736,316.81,Real Estate,General Real Estate
Advanced IT Services Solutions,HLTH737,132.85,Technology,IT Services
Advanced General Consumer Staples Systems,HLTH738,491.18,Consumer Staples,General Consumer Staples
Strategic General Real Estate Solutions,TECH739,231.27,Real Estate,General Real Estate
Dynamic General Industrials Systems,IND740,362.29,Industrials,General Industrials
Premier General Industrials Corp,TECH741,366.22,Industrials,General Industrials
Strategic Networking Inc,ENRG742,281.66,Technology,Networking
Dynamic Investment Services LLC,TECH743,373.70,Financial Services,Investment Services
Strategic General Communication Services LLC,MAT744,124.80,Communication Services,General Communication Services
Strategic General Consumer Staples Corp,UTIL745,333.35,Consumer Staples,General Consumer Staples
Global Internet Services Group,ENRG746,456.22,Technology,Internet Services
Global General Consumer Discretionary Technologies,COM747,64.38,Consumer Discretionary,General Consumer Discretionary
Strategic General Utilities Technologies,MAT748,435.83,Utilities,General Utilities
Innovative Networking LLC,COM749,121.45,Technology,Networking
Dynamic General Real Estate Technologies,IND750,468.65,Real Estate,General Real Estate
Premier General Materials LLC,IND751,210.36,Materials,General Materials
Global General Industrials Group,UTIL752,477.39,Industrials,General Industrials
Global General Real Estate LLC,COM753,50.09,Real Estate,General Real Estate
Innovative General Communication Services Corp,ENRG754,191.98,Communication Services,General Communication Services
Dynamic Semiconductors LLC,ENRG755,7.51,Technology,Semiconductors
Premier Payment Processing Inc,COM756,486.06,Financial Services,Payment Processing
Strategic General Consumer Staples Inc,COM757,25.71,Consumer Staples,General Consumer Staples
Innovative Diagnostics Technologies,UTIL758,296.01,Healthcare,Diagnostics
Innovative General Energy Corp,UTIL759,466.60,Energy,General Energy
Innovative General Energy Group,FIN760,321.36,Energy,General Energy
Innovative General Real Estate Inc,COM761,403.32,Real Estate,General Real Estate
Dynamic IT Services Technologies,UTIL762,382.67,Technology,IT Services
Premier General Consumer Discretionary Systems,MAT763,220.78,Consumer Discretionary,General Consumer Discretionary
Premier General Materials Solutions,CONS764,433.41,Materials,General Materials
Premier General Consumer Discretionary Corp,UTIL765,12.54,Consumer Discretionary,General Consumer Discretionary
Innovative General Industrials Systems,MAT766,267.06,Industrials,General Industrials
Strategic General Utilities LLC,TECH767,448.15,Utilities,General Utilities
Dynamic General Consumer Discretionary Solutions,CONS768,262.69,Consumer Discretionary,General Consumer Discretionary
Strategic General Real Estate Solutions,MAT769,140.27,Real Estate,General Real Estate
Dynamic General Industrials Technologies,MAT770,384.24,Industrials,General Industrials
Dynamic General Industrials Group,MAT771,122.28,Industrials,General Industrials
Premier General Industrials Technologies,ENRG772,456.65,Industrials,General Industrials
Innovative Internet Services Systems,COM773,418.33,Technology,Internet Services
Global General Consumer Staples Inc,TECH774,69.31,Consumer Staples,General Consumer Staples
Premier Diagnostics Group,CONS775,356.20,Healthcare,Diagnostics
Advanced General Energy LLC,UTIL776,373.86,Energy,General Energy
Innovative General Utilities Technologies,HLTH777,41.18,Utilities,General Utilities
Premier General Utilities Inc,CONS778,271.87,Utilities,General Utilities
Innovative Banks Technologies,CONS779,144.43,Financial Services,Banks
Global General Consumer Discretionary Inc,UTIL780,173.31,Consumer Discretionary,General Consumer Discretionary
Dynamic General Energy Group,CONS781,138.39,Energy,General Energy
Innovative General Consumer Discretionary Systems,CONS782,169.14,Consumer Discretionary,General Consumer Discretionary
Innovative Healthcare Facilities Group,HLTH783,359.31,Healthcare,Healthcare Facilities
Dynamic General Materials Systems,UTIL784,70.84,Materials,General Materials
Advanced Healthcare Facilities Systems,IND785,457.79,Healthcare,Healthcare Facilities
Innovative General Communication Services Corp,TECH786,272.89,Communication Services,General Communication Services
Premier General Consumer Discretionary Technologies,UTIL787,337.63,Consumer Discretionary,General Consumer Discretionary
Premier Diagnostics Group,COM788,189.29,Healthcare,Diagnostics
Advanced General Consumer Staples Systems,COM789,291.55,Consumer Staples,General Consumer Staples
Premier Software Systems,UTIL790,364.36,Technology,Software
Advanced General Utilities LLC,HLTH791,93.13,Utilities,General Utilities
Strategic Networking Group,CONS792,158.45,Technology,Networking
Advanced Cybersecurity Corp,UTIL793,24.26,Technology,Cybersecurity
Dynamic General Consumer Discretionary LLC,COM794,468.77,Consumer Discretionary,General Consumer Discretionary
Dynamic General Industrials LLC,HLTH795,249.15,Industrials,General Industrials
Premier General Real Estate Solutions,FIN796,166.47,Real Estate,General Real Estate
Strategic General Industrials Solutions,HLTH797,326.45,Industrials,General Industrials
Innovative General Consumer Staples Inc,FIN798,365.56,Consumer Staples,General Consumer Staples
Strategic Healthcare Facilities Solutions,UTIL799,265.32,Healthcare,Healthcare Facilities
Advanced General Real Estate Solutions,FIN800,184.40,Real Estate,General Real Estate
Innovative General Materials LLC,COM801,381.24,Materials,General Materials
Advanced General Communication Services Inc,TECH802,377.47,Communication Services,General Communication Services
Advanced General Communication Services Group,HLTH803,225.80,Communication Services,General Communication Services
Advanced Asset Management Systems,IND804,295.66,Financial Services,Asset Management
Dynamic Cybersecurity Inc,MAT805,60.43,Technology,Cybersecurity
Advanced General Communication Services LLC,HLTH806,376.18,Communication Services,General Communication Services
Global General Energy Technologies,FIN807,47.59,Energy,General Energy
Strategic General Real Estate Technologies,CONS808,254.11,Real Estate,General Real Estate
Advanced General Consumer Discretionary Solutions,UTIL809,346.76,Consumer Discretionary,General Consumer Discretionary
Strategic General Materials Inc,UTIL810,431.67,Materials,General Materials
Dynamic General Industrials Solutions,UTIL811,175.89,Industrials,General Industrials
Innovative Real Estate Investment Group,HLTH812,109.80,Financial Services,Real Estate Investment
Strategic General Real Estate Technologies,HLTH813,449.90,Real Estate,General Real Estate
Premier Biotechnology Corp,MAT814,60.59,Healthcare,Biotechnology
Strategic General Energy Group,UTIL815,407.76,Energy,General Energy
Dynamic Semiconductors Solutions,HLTH816,308.88,Technology,Semiconductors
Dynamic General Materials Technologies,HLTH817,355.84,Materials,General Materials
Innovative General Communication Services Inc,FIN818,68.82,Communication Services,General Communication Services
Premier Payment Processing Corp,ENRG819,410.02,Financial Services,Payment Processing
Dynamic Biotechnology Solutions,FIN820,102.68,Healthcare,Biotechnology
Advanced General Consumer Staples Inc,HLTH821,225.20,Consumer Staples,General Consumer Staples
Advanced General Industrials LLC,FIN822,34.45,Industrials,General Industrials
Global General Industrials Solutions,MAT823,222.38,Industrials,General Industrials
Global Software Systems,MAT824,359.17,Technology,Software
Dynamic General Consumer Staples Technologies,FIN825,456.64,Consumer Staples,General Consumer Staples
Global General Utilities LLC,ENRG826,391.13,Utilities,General Utilities
Innovative General Utilities Solutions,TECH827,241.31,Utilities,General Utilities
Premier General Consumer Staples Corp,HLTH828,398.56,Consumer Staples,General Consumer Staples
Strategic General Consumer Staples LLC,ENRG829,281.00,Consumer Staples,General Consumer Staples
Strategic General Energy Solutions,COM830,360.70,Energy,General Energy
Premier General Industrials Corp,MAT831,386.78,Industrials,General Industrials
Strategic Payment Processing Inc,MAT832,408.61,Financial Services,Payment Processing
Global General Industrials Technologies,CONS833,101.59,Industrials,General Industrials
Advanced General Communication Services LLC,TECH834,157.51,Communication Services,General Communication Services
Global General Industrials LLC,HLTH835,44.65,Industrials,General Industrials
Dynamic General Consumer Staples Corp,COM836,328.98,Consumer Staples,General Consumer Staples
Innovative General Communication Services Technologies,MAT837,101.92,Communication Services,General Communication Services
Strategic General Utilities Group,UTIL838,74.14,Utilities,General Utilities
Innovative General Materials Systems,IND839,149.97,Materials,General Materials
Premier General Energy LLC,HLTH840,47.60,Energy,General Energy
Innovative General Consumer Staples LLC,TECH841,282.99,Consumer Staples,General Consumer Staples
Global Banks Group,COM842,95.19,Financial Services,Banks
Premier General Industrials Technologies,TECH843,299.79,Industrials,General Industrials
Strategic General Industrials LLC,TECH844,356.79,Industrials,General Industrials
Dynamic General Utilities Technologies,CONS845,129.88,Utilities,General Utilities
Strategic General Consumer Staples Solutions,COM846,46.58,Consumer Staples,General Consumer Staples
Innovative Asset Management Systems,UTIL847,377.52,Financial Services,Asset Management
Premier General Materials Technologies,ENRG848,328.71,Materials,General Materials
Premier General Industrials LLC,COM849,376.21,Industrials,General Industrials
Global General Consumer Staples Solutions,CONS850,175.66,Consumer Staples,General Consumer Staples
Innovative General Communication Services Systems,UTIL851,206.44,Communication Services,General Communication Services
Dynamic Health Insurance Solutions,COM852,120.30,Healthcare,Health Insurance
Strategic General Consumer Staples Systems,CONS853,464.00,Consumer Staples,General Consumer Staples
Strategic General Communication Services Corp,IND854,210.01,Communication Services,General Communication Services
Dynamic General Consumer Discretionary LLC,UTIL855,457.86,Consumer Discretionary,General Consumer Discretionary
Strategic Cybersecurity Systems,COM856,406.98,Technology,Cybersecurity
Global General Real Estate Group,COM857,232.99,Real Estate,General Real Estate
Dynamic General Communication Services Inc,MAT858,198.34,Communication Services,General Communication Services
Premier General Communication Services LLC,COM859,129.03,Communication Services,General Communication Services
Strategic General Consumer Staples LLC,COM860,308.95,Consumer Staples,General Consumer Staples
Strategic General Consumer Staples Group,COM861,467.69,Consumer Staples,General Consumer Staples
Global General Materials Group,UTIL862,332.32,Materials,General Materials
Dynamic Pharmaceuticals Technologies,MAT863,68.08,Healthcare,Pharmaceuticals
Dynamic Medical Devices Corp,COM864,267.04,Healthcare,Medical Devices
Advanced Semiconductors Technologies,ENRG865,216.21,Technology,Semiconductors
Strategic General Energy Systems,COM866,32.67,Energy,General Energy
Global Insurance Inc,ENRG867,131.39,Financial Services,Insurance
Premier General Industrials Systems,IND868,471.67,Industrials,General Industrials
Dynamic General Consumer Staples Solutions,FIN869,320.11,Consumer Staples,General Consumer Staples
Advanced General Materials Solutions,CONS870,473.71,Materials,General Materials
Strategic General Utilities Inc,MAT871,188.31,Utilities,General Utilities
Strategic General Industrials Technologies,CONS872,117.09,Industrials,General Industrials
Innovative Internet Services Technologies,CONS873,405.25,Technology,Internet Services
Premier General Materials Solutions,CONS874,220.59,Materials,General Materials
Global General Communication Services Inc,HLTH875,341.45,Communication Services,General Communication Services
Strategic General Industrials Solutions,MAT876,115.53,Industrials,General Industrials
Premier General Materials Technologies,CONS877,91.20,Materials,General Materials
Strategic General Materials Inc,UTIL878,162.83,Materials,General Materials
Innovative General Communication Services Systems,ENRG879,278.29,Communication Services,General Communication Services
Global General Communication Services Corp,ENRG880,319.75,Communication Services,General Communication Services
Advanced Health Insurance Systems,IND881,299.44,Healthcare,Health Insurance
Global General Consumer Staples Inc,ENRG882,45.25,Consumer Staples,General Consumer Staples
Dynamic Pharmaceuticals Inc,FIN883,254.26,Healthcare,Pharmaceuticals
Strategic General Communication Services Inc,FIN884,226.86,Communication Services,General Communication Services
Dynamic General Industrials Group,MAT885,423.45,Industrials,General Industrials
Strategic Healthcare Facilities Solutions,UTIL886,342.81,Healthcare,Healthcare Facilities
Global General Consumer Staples Corp,COM887,137.45,Consumer Staples,General Consumer Staples
Innovative Medical Devices Systems,MAT888,464.44,Healthcare,Medical Devices
Strategic General Communication Services Solutions,TECH889,308.28,Communication Services,General Communication Services
Innovative Internet Services Solutions,HLTH890,258.17,Technology,Internet Services
Innovative General Industrials Group,HLTH891,335.87,Industrials,General Industrials
Premier General Utilities Group,FIN892,95.49,Utilities,General Utilities
Advanced Investment Services Systems,MAT893,298.58,Financial Services,Investment Services
Advanced General Materials Solutions,ENRG894,23.11,Materials,General Materials
Global General Materials Systems,ENRG895,143.52,Materials,General Materials
Premier IT Services Systems,HLTH896,440.21,Technology,IT Services
Premier General Real Estate Corp,FIN897,434.93,Real Estate,General Real Estate
Premier General Communication Services LLC,TECH898,111.75,Communication Services,General Communication Services
Strategic General Consumer Discretionary Inc,FIN899,93.88,Consumer Discretionary,General Consumer Discretionary
Strategic Pharmaceuticals Solutions,IND900,314.36,Healthcare,Pharmaceuticals
Advanced Software Corp,UTIL901,499.20,Technology,Software
Premier Cybersecurity LLC,IND902,18.50,Technology,Cybersecurity
Innovative General Energy LLC,ENRG903,221.38,Energy,General Energy
Innovative General Real Estate Systems,COM904,400.10,Real Estate,General Real Estate
Dynamic General Energy Systems,COM905,442.88,Energy,General Energy
Innovative General Industrials Systems,COM906,47.54,Industrials,General Industrials
Advanced General Energy Systems,ENRG907,250.41,Energy,General Energy
Premier General Utilities Group,HLTH908,122.08,Utilities,General Utilities
Global General Energy Inc,MAT909,81.60,Energy,General Energy
Dynamic Internet Services Systems,CONS910,96.60,Technology,Internet Services
Innovative General Energy LLC,CONS911,369.77,Energy,General Energy
Premier General Real Estate Corp,FIN912,116.79,Real Estate,General Real Estate
Innovative General Utilities LLC,CONS913,216.82,Utilities,General Utilities
Innovative General Materials Systems,TECH914,357.32,Materials,General Materials
Global General Materials Group,TECH915,457.36,Materials,General Materials
Innovative General Energy Inc,IND916,496.37,Energy,General Energy
Dynamic General Utilities Inc,UTIL917,58.60,Utilities,General Utilities
Innovative General Energy LLC,IND918,152.76,Energy,General Energy
Innovative Consumer Electronics Systems,CONS919,170.72,Technology,Consumer Electronics
Dynamic General Utilities LLC,TECH920,126.91,Utilities,General Utilities
Advanced General Communication Services Group,IND921,275.98,Communication Services,General Communication Services
Advanced General Utilities Technologies,HLTH922,347.76,Utilities,General Utilities
Innovative Gaming Technologies,COM923,232.23,Technology,Gaming
Global General Industrials Group,COM924,155.37,Industrials,General Industrials
Advanced Healthcare Facilities Solutions,MAT925,458.31,Healthcare,Healthcare Facilities
Strategic Banks Inc,ENRG926,204.80,Financial Services,Banks
Premier General Utilities Solutions,TECH927,46.34,Utilities,General Utilities
Innovative Real Estate Investment Systems,FIN928,86.28,Financial Services,Real Estate Investment
Dynamic General Consumer Staples Group,COM929,208.19,Consumer Staples,General Consumer Staples
Innovative IT Services Solutions,HLTH930,389.19,Technology,IT Services
Global General Consumer Staples Corp,HLTH931,174.83,Consumer Staples,General Consumer Staples
Innovative General Energy Corp,FIN932,234.27,Energy,General Energy
Premier Insurance Inc,CONS933,484.46,Financial Services,Insurance
Advanced General Consumer Discretionary Corp,IND934,299.28,Consumer Discretionary,General Consumer Discretionary
Dynamic General Real Estate LLC,UTIL935,75.98,Real Estate,General Real Estate
Advanced General Real Estate Corp,CONS936,288.22,Real Estate,General Real Estate
Advanced General Communication Services Technologies,UTIL937,458.58,Communication Services,General Communication Services
Strategic Payment Processing Group,HLTH938,406.04,Financial Services,Payment Processing
Dynamic General Consumer Staples Technologies,CONS939,189.88,Consumer Staples,General Consumer Staples
Global General Materials Inc,ENRG940,242.25,Materials,General Materials
Innovative General Consumer Discretionary LLC,MAT941,82.95,Consumer Discretionary,General Consumer Discretionary
Dynamic General Communication Services Technologies,TECH942,210.56,Communication Services,General Communication Services
Dynamic General Materials Systems,IND943,262.53,Materials,General Materials
Strategic Insurance Group,ENRG944,442.07,Financial Services,Insurance
Innovative General Consumer Staples Technologies,MAT945,264.15,Consumer Staples,General Consumer Staples
Global Banks Group,ENRG946,253.97,Financial Services,Banks
Innovative Biotechnology Group,HLTH947,348.50,Healthcare,Biotechnology
Strategic General Real Estate Solutions,IND948,191.80,Real Estate,General Real Estate
Innovative IT Services Inc,MAT949,348.38,Technology,IT Services
Global General Real Estate Solutions,UTIL950,292.90,Real Estate,General Real Estate
Advanced Biotechnology Solutions,MAT951,117.40,Healthcare,Biotechnology
Global General Industrials Technologies,UTIL952,435.48,Industrials,General Industrials
Premier General Real Estate Solutions,CONS953,417.57,Real Estate,General Real Estate
Dynamic General Utilities Technologies,MAT954,306.52,Utilities,General Utilities
Dynamic General Materials Corp,IND955,261.47,Materials,General Materials
Innovative General Real Estate Technologies,ENRG956,347.30,Real Estate,General Real Estate
Global General Industrials Inc,HLTH957,84.11,Industrials,General Industrials
Global General Industrials Inc,MAT958,236.63,Industrials,General Industrials
Premier Medical Devices Technologies,UTIL959,129.13,Healthcare,Medical Devices
Strategic General Communication Services Group,COM960,478.66,Communication Services,General Communication Services
Global Payment Processing Inc,FIN961,45.33,Financial Services,Payment Processing
Premier General Real Estate LLC,IND962,128.92,Real Estate,General Real Estate
Strategic General Real Estate Inc,IND963,366.78,Real Estate,General Real Estate
Strategic Gaming LLC,MAT964,445.04,Technology,Gaming
Premier Consumer Electronics Solutions,IND965,206.66,Technology,Consumer Electronics
Dynamic Real Estate Investment Systems,COM966,79.34,Financial Services,Real Estate Investment
Premier IT Services LLC,CONS967,410.03,Technology,IT Services
Premier General Energy Systems,FIN968,322.52,Energy,General Energy
Dynamic General Consumer Discretionary Corp,ENRG969,237.72,Consumer Discretionary,General Consumer Discretionary
Dynamic Medical Devices Technologies,TECH970,271.60,Healthcare,Medical Devices
Advanced General Real Estate Corp,MAT971,240.64,Real Estate,General Real Estate
Strategic General Consumer Staples Group,IND972,7.70,Consumer Staples,General Consumer Staples
Strategic General Industrials Inc,IND973,375.40,Industrials,General Industrials
Dynamic Internet Services Systems,CONS974,78.99,Technology,Internet Services
Premier Diagnostics Group,COM975,142.00,Healthcare,Diagnostics
Advanced General Communication Services Corp,FIN976,55.61,Communication Services,General Communication Services
Dynamic General Real Estate Group,COM977,378.83,Real Estate,General Real Estate
Global General Utilities LLC,FIN978,246.93,Utilities,General Utilities
Dynamic General Real Estate Technologies,TECH979,335.57,Real Estate,General Real Estate
Strategic Internet Services Group,CONS980,112.77,Technology,Internet Services
Innovative General Real Estate Technologies,IND981,139.06,Real Estate,General Real Estate
Dynamic Banks Group,COM982,64.76,Financial Services,Banks
Global General Real Estate Technologies,COM983,221.52,Real Estate,General Real Estate
Global Internet Services Group,COM984,260.39,Technology,Internet Services
Advanced General Real Estate Systems,UTIL985,439.08,Real Estate,General Real Estate
Innovative General Real Estate Solutions,TECH986,412.25,Real Estate,General Real Estate
Premier General Consumer Discretionary Inc,CONS987,367.04,Consumer Discretionary,General Consumer Discretionary
Strategic General Industrials Corp,CONS988,180.33,Industrials,General Industrials
Dynamic General Consumer Staples Corp,COM989,132.47,Consumer Staples,General Consumer Staples
Innovative General Utilities Systems,ENRG990,112.48,Utilities,General Utilities
Strategic Gaming Inc,MAT991,104.37,Technology,Gaming
Dynamic General Communication Services Systems,FIN992,80.30,Communication Services,General Communication Services
Innovative General Consumer Discretionary Inc,IND993,330.04,Consumer Discretionary,General Consumer Discretionary
Premier General Industrials Systems,IND994,486.46,Industrials,General Industrials
Global General Consumer Discretionary Solutions,ENRG995,210.19,Consumer Discretionary,General Consumer Discretionary
Innovative General Consumer Staples Technologies,MAT996,45.97,Consumer Staples,General Consumer Staples
Premier General Utilities Inc,HLTH997,470.36,Utilities,General Utilities
Dynamic General Communication Services Technologies,FIN998,426.00,Communication Services,General Communication Services
Dynamic General Utilities Systems,HLTH999,447.06,Utilities,General Utilities
Advanced General Energy Corp,UTIL1000,345.42,Energy,General Energy
